{"cameraMode":{"drawMode":0,"name":"Shaded","section":"Shading Mode"},"sceneLighting":false,"audioPlay":false,"sceneViewState":{"showFog":true,"showMaterialUpdate":false,"showSkybox":false,"showFlares":true,"showImageEffects":true,"showParticleSystems":true},"in2DMode":false,"pivot":{"x":-0.4471930265426636,"y":2.2241554260253908,"z":9.012421607971192},"rotation":{"x":0.05572284758090973,"y":-0.6968767046928406,"z":0.05446692928671837,"w":0.7129465341567993},"size":0.3173521161079407,"orthographic":false}