{"cameraMode":{"drawMode":0,"name":"Shaded","section":"Shading Mode"},"sceneLighting":false,"audioPlay":false,"sceneViewState":{"showFog":true,"showMaterialUpdate":false,"showSkybox":false,"showFlares":true,"showImageEffects":true,"showParticleSystems":true},"in2DMode":false,"pivot":{"x":-10.500000953674317,"y":1.874999761581421,"z":0.5000002384185791},"rotation":{"x":0.0445440299808979,"y":0.6682705879211426,"z":-0.0401434525847435,"w":0.7415015697479248},"size":2.4526784420013429,"orthographic":false}