{"cameraMode":{"drawMode":0,"name":"Shaded","section":"Shading Mode"},"sceneLighting":false,"audioPlay":false,"sceneViewState":{"showFog":true,"showMaterialUpdate":false,"showSkybox":false,"showFlares":true,"showImageEffects":true,"showParticleSystems":true},"in2DMode":false,"pivot":{"x":1.494014024734497,"y":1.5002319812774659,"z":-1.5217111110687256},"rotation":{"x":0.0445440299808979,"y":0.6682705879211426,"z":-0.0401434525847435,"w":0.7415015697479248},"size":2.6303510665893556,"orthographic":false}