{"cameraMode":{"drawMode":0,"name":"Shaded","section":"Shading Mode"},"sceneLighting":false,"audioPlay":false,"sceneViewState":{"showFog":true,"showMaterialUpdate":false,"showSkybox":false,"showFlares":true,"showImageEffects":true,"showParticleSystems":true},"in2DMode":false,"pivot":{"x":1.5198783874511719,"y":1.5002321004867554,"z":1.515110731124878},"rotation":{"x":-0.11016017943620682,"y":-0.5022472143173218,"z":-0.06469329446554184,"w":0.8552364110946655},"size":2.6388096809387209,"orthographic":false}